,name,narrowness_3,buried_CYS2,buried_ASP2,buried_SER2,buried_GLN2,buried_LYS2,buried_ILE2,buried_PRO2,buried_THR2,buried_PHE2,buried_ASN2,buried_GLY2,buried_HIS2,buried_LEU2,buried_ARG2,buried_TRP2,buried_ALA2,buried_VAL2,buried_GLU2,buried_TYR2,buried_MET2,buried_CYS3,buried_ASP3,buried_SER3,buried_GLN3,buried_LYS3,buried_ILE3,buried_PRO3,buried_THR3,buried_PHE3,buried_ASN3,buried_GLY3,buried_HIS3,buried_LEU3,buried_ARG3,buried_TRP3,buried_ALA3,buried_VAL3,buried_GLU3,buried_TYR3,buried_MET3,buried_CYS0,buried_ASP0,buried_SER0,buried_GLN0,buried_LYS0,buried_ILE0,buried_PRO0,buried_THR0,buried_PHE0,buried_ASN0,buried_GLY0,buried_HIS0,buried_LEU0,buried_ARG0,buried_TRP0,buried_ALA0,buried_VAL0,buried_GLU0,buried_TYR0,buried_MET0,buried_CYS4,buried_ASP4,buried_SER4,buried_GLN4,buried_LYS4,buried_ILE4,buried_PRO4,buried_THR4,buried_PHE4,buried_ASN4,buried_GLY4,buried_HIS4,buried_LEU4,buried_ARG4,buried_TRP4,buried_ALA4,buried_VAL4,buried_GLU4,buried_TYR4,buried_MET4,group_CYS3,group_ASP3,group_SER3,group_GLN3,group_LYS3,group_ILE3,group_PRO3,group_THR3,group_PHE3,group_ASN3,group_GLY3,group_HIS3,group_LEU3,group_ARG3,group_TRP3,group_ALA3,group_VAL3,group_GLU3,group_TYR3,group_MET3,group_CYS2,group_ASP2,group_SER2,group_GLN2,group_LYS2,group_ILE2,group_PRO2,group_THR2,group_PHE2,group_ASN2,group_GLY2,group_HIS2,group_LEU2,group_ARG2,group_TRP2,group_ALA2,group_VAL2,group_GLU2,group_TYR2,group_MET2,group_CYS4,group_ASP4,group_SER4,group_GLN4,group_LYS4,group_ILE4,group_PRO4,group_THR4,group_PHE4,group_ASN4,group_GLY4,group_HIS4,group_LEU4,group_ARG4,group_TRP4,group_ALA4,group_VAL4,group_GLU4,group_TYR4,group_MET4,group_CYS1,group_ASP1,group_SER1,group_GLN1,group_LYS1,group_ILE1,group_PRO1,group_THR1,group_PHE1,group_ASN1,group_GLY1,group_HIS1,group_LEU1,group_ARG1,group_TRP1,group_ALA1,group_VAL1,group_GLU1,group_TYR1,group_MET1,group_CYS0,group_ASP0,group_SER0,group_GLN0,group_LYS0,group_ILE0,group_PRO0,group_THR0,group_PHE0,group_ASN0,group_GLY0,group_HIS0,group_LEU0,group_ARG0,group_TRP0,group_ALA0,group_VAL0,group_GLU0,group_TYR0,group_MET0
56,6M61,2.3075425618221206,0.0,2.0,5.0,0.0,1.0,2.0,0.0,1.0,2.0,2.0,4.0,2.0,1.0,3.0,0.0,0.0,1.0,1.0,1.0,0.0,0.0,3.0,0.0,0.0,0.0,0.0,0.0,1.0,1.0,2.0,1.0,1.0,0.0,2.0,2.0,1.0,2.0,0.0,1.0,0.0,0.0,0.0,0.0,0.0,0.0,0.0,0.0,0.0,0.0,0.0,0.0,0.0,0.0,0.0,0.0,0.0,0.0,0.0,1.0,1.0,0.0,0.0,0.0,1.0,0.0,0.0,0.0,2.0,0.0,0.0,0.0,1.0,0.0,0.0,0.0,0.0,0.0,0.0,0.0,0.0,0.0,1.0,2.0,1.0,0.0,2.0,0.0,2.0,2.0,3.0,1.0,0.0,2.0,2.0,1.0,2.0,1.0,1.0,3.0,0.0,0.0,3.0,3.0,1.0,1.0,0.0,0.0,4.0,0.0,2.0,3.0,4.0,0.0,3.0,1.0,1.0,3.0,0.0,0.0,0.0,0.0,0.0,1.0,1.0,0.0,0.0,0.0,1.0,1.0,0.0,1.0,0.0,0.0,1.0,0.0,0.0,2.0,0.0,1.0,1.0,0.0,2.0,1.0,0.0,0.0,0.0,0.0,0.0,1.0,1.0,0.0,0.0,0.0,0.0,0.0,0.0,0.0,0.0,0.0,0.0,,,,,,,,,,,,,,,,,,,,
65,5GTF,2.392317267963304,0.0,1.0,1.0,2.0,1.0,5.0,2.0,1.0,2.0,0.0,4.0,4.0,4.0,1.0,1.0,4.0,1.0,7.0,0.0,1.0,1.0,0.0,3.0,1.0,3.0,1.0,2.0,1.0,0.0,1.0,0.0,0.0,3.0,0.0,0.0,0.0,2.0,2.0,0.0,1.0,1.0,0.0,1.0,0.0,2.0,0.0,0.0,0.0,0.0,1.0,0.0,0.0,1.0,0.0,1.0,0.0,2.0,1.0,1.0,0.0,,,,,,,,,,,,,,,,,,,,,0.0,1.0,2.0,2.0,2.0,0.0,1.0,3.0,2.0,0.0,2.0,1.0,0.0,0.0,1.0,2.0,1.0,4.0,2.0,2.0,0.0,1.0,2.0,2.0,2.0,5.0,2.0,1.0,2.0,0.0,4.0,4.0,7.0,1.0,1.0,4.0,2.0,6.0,0.0,2.0,1.0,0.0,1.0,0.0,2.0,1.0,0.0,1.0,0.0,1.0,0.0,0.0,1.0,0.0,1.0,0.0,2.0,1.0,1.0,0.0,1.0,0.0,2.0,1.0,2.0,1.0,2.0,1.0,0.0,1.0,0.0,0.0,0.0,0.0,0.0,0.0,1.0,2.0,0.0,0.0,,,,,,,,,,,,,,,,,,,,
102,5SWK,0.0,0.0,1.0,1.0,3.0,2.0,1.0,0.0,3.0,1.0,0.0,2.0,0.0,1.0,2.0,0.0,1.0,1.0,2.0,2.0,1.0,0.0,0.0,0.0,0.0,0.0,0.0,0.0,0.0,0.0,0.0,0.0,0.0,0.0,1.0,0.0,0.0,0.0,0.0,1.0,0.0,0.0,1.0,0.0,0.0,1.0,2.0,1.0,2.0,1.0,0.0,0.0,1.0,2.0,1.0,0.0,0.0,1.0,1.0,2.0,1.0,1.0,1.0,1.0,0.0,0.0,0.0,0.0,0.0,0.0,0.0,0.0,0.0,0.0,0.0,0.0,0.0,0.0,0.0,0.0,0.0,0.0,1.0,3.0,1.0,3.0,1.0,0.0,1.0,2.0,0.0,1.0,1.0,6.0,0.0,0.0,1.0,4.0,1.0,2.0,0.0,0.0,1.0,0.0,3.0,2.0,1.0,0.0,2.0,1.0,0.0,2.0,0.0,1.0,3.0,0.0,1.0,1.0,2.0,3.0,1.0,0.0,1.0,0.0,0.0,1.0,2.0,1.0,2.0,1.0,0.0,0.0,1.0,3.0,1.0,0.0,0.0,1.0,1.0,2.0,1.0,1.0,1.0,1.0,0.0,0.0,0.0,0.0,0.0,0.0,0.0,0.0,0.0,0.0,0.0,0.0,0.0,0.0,0.0,0.0,0.0,,,,,,,,,,,,,,,,,,,,
122,3IWY,0.0,0.0,0.0,0.0,0.0,1.0,0.0,0.0,0.0,0.0,0.0,1.0,1.0,0.0,0.0,0.0,0.0,0.0,1.0,0.0,0.0,0.0,0.0,1.0,0.0,0.0,1.0,0.0,0.0,1.0,0.0,0.0,1.0,0.0,0.0,0.0,0.0,2.0,0.0,0.0,0.0,,,,,,,,,,,,,,,,,,,,,0.0,0.0,0.0,2.0,0.0,0.0,0.0,0.0,0.0,0.0,0.0,0.0,0.0,0.0,0.0,0.0,0.0,0.0,0.0,0.0,0.0,0.0,0.0,0.0,0.0,0.0,0.0,0.0,1.0,0.0,1.0,0.0,1.0,0.0,0.0,0.0,0.0,0.0,1.0,0.0,0.0,0.0,0.0,0.0,1.0,1.0,0.0,0.0,0.0,0.0,0.0,1.0,0.0,1.0,0.0,0.0,0.0,1.0,0.0,1.0,,,,,,,,,,,,,,,,,,,,,0.0,0.0,1.0,0.0,1.0,1.0,0.0,0.0,1.0,0.0,0.0,1.0,0.0,0.0,0.0,0.0,2.0,0.0,0.0,0.0,0.0,0.0,0.0,2.0,0.0,0.0,0.0,0.0,0.0,0.0,0.0,0.0,0.0,0.0,0.0,0.0,0.0,0.0,0.0,0.0
154,4C9Z,0.0,0.0,0.0,0.0,0.0,1.0,0.0,0.0,0.0,1.0,0.0,0.0,0.0,0.0,1.0,0.0,0.0,0.0,1.0,1.0,0.0,3.0,1.0,2.0,1.0,1.0,0.0,1.0,0.0,0.0,0.0,1.0,2.0,2.0,0.0,1.0,1.0,1.0,2.0,1.0,0.0,,,,,,,,,,,,,,,,,,,,,0.0,0.0,0.0,0.0,0.0,2.0,2.0,0.0,0.0,0.0,0.0,1.0,0.0,0.0,0.0,0.0,0.0,0.0,0.0,1.0,2.0,0.0,2.0,0.0,0.0,0.0,0.0,0.0,0.0,0.0,1.0,0.0,0.0,0.0,0.0,1.0,0.0,1.0,0.0,0.0,0.0,0.0,0.0,1.0,2.0,0.0,0.0,0.0,1.0,0.0,1.0,1.0,0.0,1.0,1.0,0.0,0.0,2.0,1.0,0.0,0.0,0.0,0.0,0.0,0.0,1.0,0.0,0.0,0.0,0.0,0.0,0.0,0.0,0.0,0.0,0.0,0.0,0.0,0.0,0.0,3.0,1.0,2.0,0.0,0.0,0.0,2.0,0.0,0.0,0.0,0.0,1.0,2.0,0.0,0.0,1.0,1.0,1.0,1.0,0.0,0.0,0.0,0.0,0.0,0.0,2.0,1.0,0.0,0.0,0.0,0.0,1.0,0.0,0.0,0.0,0.0,0.0,0.0,0.0,1.0
170,1Q7L,0.0,0.0,1.0,1.0,0.0,0.0,1.0,4.0,4.0,2.0,2.0,0.0,0.0,2.0,1.0,2.0,2.0,2.0,3.0,1.0,1.0,0.0,5.0,1.0,0.0,0.0,1.0,1.0,0.0,1.0,2.0,3.0,4.0,4.0,3.0,0.0,3.0,1.0,3.0,2.0,1.0,,,,,,,,,,,,,,,,,,,,,1.0,4.0,1.0,2.0,1.0,1.0,2.0,0.0,1.0,0.0,3.0,3.0,0.0,1.0,1.0,2.0,5.0,3.0,3.0,1.0,0.0,1.0,1.0,0.0,1.0,1.0,2.0,1.0,0.0,1.0,0.0,0.0,2.0,0.0,2.0,1.0,0.0,3.0,1.0,1.0,0.0,2.0,1.0,0.0,0.0,1.0,4.0,3.0,3.0,3.0,1.0,1.0,1.0,3.0,0.0,3.0,3.0,1.0,3.0,1.0,,,,,,,,,,,,,,,,,,,,,1.0,5.0,1.0,1.0,1.0,1.0,0.0,0.0,1.0,0.0,4.0,6.0,3.0,1.0,1.0,1.0,2.0,5.0,2.0,0.0,0.0,2.0,0.0,1.0,0.0,0.0,2.0,0.0,0.0,0.0,1.0,0.0,0.0,1.0,0.0,2.0,3.0,0.0,0.0,1.0
182,6A7V,0.0,0.0,2.0,0.0,0.0,0.0,0.0,0.0,0.0,1.0,0.0,1.0,0.0,0.0,1.0,0.0,2.0,0.0,0.0,0.0,0.0,0.0,0.0,0.0,0.0,0.0,2.0,0.0,0.0,0.0,0.0,0.0,0.0,0.0,0.0,0.0,3.0,0.0,0.0,0.0,0.0,0.0,0.0,1.0,0.0,0.0,1.0,1.0,0.0,0.0,0.0,0.0,1.0,4.0,0.0,0.0,1.0,0.0,0.0,0.0,1.0,,,,,,,,,,,,,,,,,,,,,1.0,2.0,2.0,0.0,0.0,2.0,1.0,2.0,0.0,2.0,1.0,1.0,3.0,2.0,0.0,1.0,2.0,3.0,0.0,1.0,0.0,1.0,0.0,0.0,0.0,1.0,0.0,0.0,1.0,0.0,1.0,0.0,0.0,1.0,0.0,4.0,0.0,0.0,0.0,0.0,0.0,0.0,1.0,0.0,0.0,1.0,1.0,0.0,0.0,0.0,0.0,1.0,5.0,0.0,0.0,1.0,0.0,0.0,0.0,1.0,0.0,0.0,0.0,0.0,0.0,1.0,0.0,0.0,0.0,0.0,0.0,0.0,0.0,0.0,0.0,1.0,0.0,0.0,0.0,0.0,,,,,,,,,,,,,,,,,,,,
235,1VMG,4.426808865744874,0.0,2.0,2.0,0.0,0.0,3.0,0.0,1.0,0.0,1.0,0.0,0.0,4.0,0.0,2.0,1.0,2.0,3.0,0.0,0.0,0.0,0.0,0.0,0.0,4.0,2.0,0.0,2.0,1.0,0.0,2.0,0.0,1.0,0.0,0.0,2.0,1.0,1.0,2.0,0.0,0.0,1.0,0.0,1.0,1.0,0.0,0.0,0.0,0.0,0.0,0.0,0.0,2.0,0.0,0.0,0.0,0.0,2.0,0.0,0.0,,,,,,,,,,,,,,,,,,,,,0.0,1.0,1.0,1.0,2.0,1.0,0.0,0.0,1.0,0.0,0.0,0.0,3.0,0.0,0.0,2.0,1.0,3.0,1.0,0.0,0.0,1.0,2.0,0.0,0.0,3.0,0.0,1.0,0.0,1.0,0.0,0.0,3.0,0.0,2.0,0.0,2.0,3.0,0.0,0.0,0.0,1.0,0.0,1.0,1.0,0.0,0.0,0.0,0.0,0.0,0.0,0.0,2.0,0.0,0.0,0.0,0.0,1.0,0.0,0.0,0.0,1.0,0.0,0.0,4.0,2.0,0.0,2.0,1.0,0.0,2.0,0.0,1.0,0.0,0.0,3.0,1.0,1.0,2.0,0.0,,,,,,,,,,,,,,,,,,,,
250,3JZL,0.0,0.0,2.0,0.0,2.0,1.0,2.0,0.0,1.0,0.0,1.0,0.0,1.0,0.0,1.0,0.0,1.0,1.0,3.0,0.0,0.0,0.0,1.0,0.0,2.0,2.0,2.0,0.0,3.0,2.0,0.0,2.0,0.0,2.0,1.0,1.0,5.0,2.0,2.0,1.0,0.0,,,,,,,,,,,,,,,,,,,,,0.0,0.0,0.0,1.0,0.0,1.0,1.0,1.0,1.0,1.0,0.0,1.0,0.0,0.0,0.0,2.0,1.0,0.0,1.0,0.0,0.0,0.0,0.0,2.0,2.0,3.0,0.0,1.0,1.0,0.0,0.0,0.0,0.0,1.0,0.0,0.0,1.0,0.0,0.0,0.0,0.0,2.0,0.0,1.0,1.0,2.0,0.0,1.0,0.0,1.0,0.0,1.0,1.0,1.0,0.0,1.0,1.0,3.0,0.0,0.0,0.0,0.0,0.0,0.0,0.0,0.0,0.0,0.0,0.0,0.0,0.0,0.0,0.0,0.0,0.0,1.0,0.0,0.0,0.0,0.0,0.0,1.0,0.0,2.0,2.0,2.0,0.0,3.0,2.0,0.0,2.0,0.0,1.0,1.0,1.0,5.0,1.0,2.0,1.0,0.0,0.0,0.0,0.0,1.0,0.0,1.0,1.0,1.0,1.0,1.0,0.0,1.0,0.0,0.0,0.0,2.0,1.0,1.0,1.0,0.0
284,4ODN,0.0,0.0,0.0,1.0,0.0,0.0,1.0,1.0,1.0,4.0,0.0,0.0,0.0,2.0,0.0,0.0,0.0,1.0,0.0,0.0,0.0,0.0,2.0,0.0,1.0,0.0,0.0,1.0,1.0,0.0,1.0,1.0,0.0,0.0,0.0,0.0,0.0,6.0,3.0,0.0,0.0,0.0,1.0,0.0,1.0,0.0,0.0,0.0,0.0,0.0,0.0,0.0,1.0,0.0,0.0,0.0,0.0,0.0,0.0,0.0,1.0,0.0,0.0,0.0,0.0,0.0,0.0,0.0,0.0,0.0,0.0,0.0,1.0,0.0,0.0,0.0,1.0,1.0,1.0,0.0,0.0,0.0,0.0,1.0,0.0,1.0,1.0,0.0,0.0,1.0,1.0,0.0,0.0,0.0,0.0,0.0,1.0,1.0,0.0,0.0,1.0,0.0,1.0,0.0,0.0,0.0,1.0,1.0,1.0,3.0,1.0,1.0,0.0,2.0,1.0,0.0,1.0,2.0,1.0,0.0,0.0,0.0,1.0,0.0,1.0,0.0,0.0,0.0,0.0,0.0,0.0,0.0,1.0,0.0,0.0,0.0,0.0,0.0,0.0,0.0,1.0,0.0,1.0,0.0,1.0,0.0,0.0,1.0,1.0,0.0,0.0,1.0,1.0,0.0,0.0,0.0,1.0,6.0,3.0,0.0,0.0,,,,,,,,,,,,,,,,,,,,
285,3S1T,0.0,1.0,2.0,1.0,1.0,0.0,2.0,0.0,1.0,1.0,0.0,0.0,0.0,1.0,1.0,0.0,0.0,1.0,1.0,0.0,1.0,0.0,2.0,5.0,0.0,1.0,3.0,0.0,3.0,0.0,1.0,4.0,2.0,2.0,3.0,0.0,3.0,2.0,1.0,0.0,1.0,,,,,,,,,,,,,,,,,,,,,1.0,1.0,1.0,0.0,1.0,3.0,1.0,1.0,1.0,0.0,1.0,0.0,3.0,0.0,0.0,0.0,5.0,1.0,0.0,0.0,0.0,0.0,0.0,0.0,0.0,1.0,0.0,0.0,1.0,1.0,0.0,0.0,0.0,0.0,0.0,0.0,1.0,0.0,0.0,0.0,1.0,3.0,1.0,1.0,0.0,2.0,0.0,2.0,1.0,0.0,1.0,0.0,1.0,1.0,0.0,2.0,2.0,1.0,0.0,1.0,0.0,0.0,0.0,0.0,0.0,0.0,0.0,0.0,0.0,0.0,0.0,0.0,1.0,0.0,0.0,0.0,0.0,0.0,0.0,0.0,0.0,1.0,6.0,0.0,2.0,4.0,0.0,2.0,0.0,1.0,3.0,2.0,2.0,3.0,0.0,1.0,4.0,1.0,0.0,1.0,2.0,1.0,0.0,0.0,0.0,2.0,1.0,1.0,1.0,0.0,1.0,0.0,3.0,0.0,0.0,0.0,2.0,1.0,0.0,0.0
307,6ILD,0.0,0.0,2.0,1.0,2.0,2.0,3.0,3.0,1.0,5.0,3.0,1.0,0.0,2.0,4.0,0.0,0.0,2.0,4.0,2.0,3.0,0.0,1.0,0.0,0.0,1.0,0.0,1.0,1.0,1.0,1.0,0.0,0.0,3.0,3.0,0.0,1.0,0.0,0.0,1.0,1.0,0.0,2.0,0.0,0.0,1.0,3.0,0.0,0.0,3.0,0.0,3.0,0.0,6.0,1.0,1.0,0.0,3.0,1.0,2.0,3.0,0.0,0.0,0.0,1.0,0.0,0.0,0.0,0.0,0.0,0.0,0.0,1.0,0.0,0.0,0.0,0.0,0.0,0.0,1.0,0.0,1.0,3.0,1.0,1.0,3.0,11.0,2.0,3.0,2.0,4.0,1.0,3.0,1.0,3.0,0.0,2.0,2.0,6.0,4.0,1.0,0.0,1.0,1.0,1.0,1.0,1.0,3.0,2.0,3.0,1.0,1.0,0.0,4.0,6.0,0.0,1.0,0.0,2.0,2.0,4.0,0.0,2.0,1.0,0.0,1.0,3.0,0.0,1.0,3.0,0.0,3.0,0.0,6.0,1.0,1.0,0.0,3.0,0.0,1.0,3.0,0.0,0.0,0.0,1.0,0.0,0.0,0.0,1.0,1.0,0.0,0.0,1.0,1.0,1.0,0.0,0.0,0.0,0.0,1.0,0.0,,,,,,,,,,,,,,,,,,,,
319,6DJT,0.0,0.0,1.0,0.0,0.0,0.0,2.0,0.0,1.0,0.0,0.0,2.0,1.0,1.0,2.0,0.0,1.0,0.0,0.0,0.0,0.0,0.0,0.0,0.0,0.0,3.0,0.0,1.0,0.0,1.0,0.0,0.0,0.0,1.0,0.0,0.0,1.0,0.0,2.0,0.0,0.0,1.0,0.0,0.0,0.0,0.0,0.0,0.0,0.0,0.0,0.0,0.0,0.0,0.0,1.0,1.0,0.0,1.0,0.0,0.0,0.0,,,,,,,,,,,,,,,,,,,,,1.0,1.0,1.0,0.0,3.0,0.0,0.0,0.0,0.0,1.0,0.0,0.0,2.0,2.0,0.0,1.0,2.0,1.0,1.0,0.0,0.0,1.0,0.0,0.0,0.0,2.0,0.0,1.0,0.0,0.0,2.0,1.0,0.0,1.0,0.0,0.0,0.0,0.0,0.0,0.0,0.0,0.0,0.0,0.0,0.0,0.0,0.0,0.0,0.0,0.0,0.0,0.0,0.0,0.0,1.0,0.0,0.0,0.0,0.0,0.0,0.0,0.0,0.0,0.0,1.0,0.0,1.0,0.0,1.0,0.0,0.0,0.0,1.0,0.0,0.0,1.0,0.0,1.0,0.0,0.0,0.0,0.0,0.0,0.0,2.0,0.0,0.0,0.0,0.0,0.0,0.0,0.0,0.0,0.0,0.0,0.0,0.0,1.0,0.0,0.0
340,8J79,108.9204358058954,,,,,,,,,,,,,,,,,,,,,0.0,1.0,0.0,0.0,6.0,7.0,7.0,11.0,3.0,8.0,2.0,0.0,7.0,6.0,0.0,6.0,0.0,5.0,0.0,0.0,0.0,5.0,5.0,1.0,2.0,5.0,3.0,3.0,2.0,0.0,6.0,0.0,2.0,4.0,1.0,4.0,1.0,2.0,2.0,2.0,0.0,8.0,24.0,0.0,12.0,5.0,21.0,18.0,0.0,0.0,9.0,20.0,19.0,10.0,0.0,0.0,0.0,30.0,24.0,0.0,0.0,3.0,3.0,1.0,3.0,4.0,1.0,1.0,1.0,0.0,2.0,0.0,0.0,3.0,1.0,2.0,2.0,1.0,1.0,0.0,0.0,2.0,0.0,1.0,0.0,1.0,0.0,1.0,2.0,1.0,2.0,0.0,2.0,1.0,0.0,1.0,0.0,2.0,0.0,1.0,0.0,2.0,2.0,0.0,0.0,1.0,2.0,2.0,1.0,0.0,4.0,0.0,2.0,2.0,0.0,2.0,0.0,1.0,1.0,2.0,0.0,9.0,4.0,0.0,9.0,5.0,10.0,11.0,1.0,8.0,2.0,0.0,1.0,6.0,0.0,6.0,0.0,9.0,0.0,0.0,0.0,0.0,20.0,0.0,9.0,7.0,18.0,17.0,2.0,0.0,9.0,20.0,25.0,10.0,0.0,0.0,0.0,26.0,24.0,0.0
352,3KEP,0.0,1.0,0.0,1.0,0.0,0.0,0.0,0.0,1.0,1.0,0.0,3.0,0.0,0.0,1.0,0.0,0.0,0.0,0.0,0.0,0.0,1.0,1.0,1.0,2.0,1.0,5.0,2.0,4.0,4.0,3.0,3.0,1.0,1.0,1.0,2.0,0.0,2.0,1.0,4.0,0.0,,,,,,,,,,,,,,,,,,,,,0.0,1.0,2.0,0.0,2.0,1.0,2.0,1.0,3.0,2.0,0.0,0.0,1.0,3.0,0.0,1.0,5.0,1.0,1.0,0.0,0.0,0.0,0.0,0.0,0.0,0.0,0.0,0.0,1.0,0.0,0.0,0.0,0.0,0.0,0.0,0.0,0.0,0.0,0.0,0.0,1.0,1.0,1.0,0.0,1.0,0.0,1.0,1.0,2.0,1.0,3.0,0.0,0.0,1.0,1.0,0.0,1.0,0.0,1.0,0.0,,,,,,,,,,,,,,,,,,,,,1.0,1.0,2.0,2.0,0.0,5.0,2.0,4.0,2.0,2.0,3.0,1.0,1.0,1.0,1.0,0.0,2.0,1.0,3.0,0.0,0.0,0.0,1.0,0.0,2.0,1.0,1.0,1.0,4.0,2.0,0.0,0.0,1.0,3.0,0.0,1.0,4.0,1.0,1.0,0.0
366,3OUG,0.0,0.0,0.0,0.0,0.0,1.0,2.0,0.0,1.0,0.0,1.0,0.0,0.0,2.0,1.0,0.0,0.0,3.0,3.0,1.0,0.0,0.0,0.0,1.0,0.0,0.0,0.0,1.0,0.0,0.0,0.0,0.0,0.0,0.0,0.0,0.0,0.0,0.0,0.0,0.0,0.0,0.0,1.0,1.0,0.0,3.0,2.0,2.0,1.0,0.0,0.0,0.0,0.0,1.0,0.0,0.0,1.0,0.0,0.0,0.0,0.0,,,,,,,,,,,,,,,,,,,,,0.0,0.0,2.0,2.0,0.0,5.0,0.0,1.0,1.0,1.0,0.0,0.0,2.0,0.0,0.0,0.0,4.0,2.0,1.0,0.0,0.0,0.0,1.0,0.0,1.0,2.0,0.0,1.0,0.0,1.0,0.0,0.0,2.0,1.0,0.0,0.0,2.0,2.0,1.0,0.0,0.0,1.0,1.0,0.0,3.0,3.0,2.0,1.0,0.0,1.0,0.0,0.0,1.0,0.0,0.0,1.0,0.0,0.0,0.0,0.0,0.0,0.0,0.0,0.0,0.0,0.0,1.0,0.0,0.0,0.0,0.0,0.0,0.0,0.0,0.0,0.0,0.0,0.0,0.0,0.0,,,,,,,,,,,,,,,,,,,,
385,8BHC,0.0,0.0,1.0,0.0,2.0,3.0,3.0,1.0,0.0,2.0,1.0,1.0,0.0,8.0,1.0,0.0,1.0,1.0,3.0,1.0,3.0,0.0,1.0,0.0,0.0,2.0,0.0,2.0,0.0,0.0,0.0,0.0,0.0,0.0,0.0,0.0,1.0,1.0,2.0,0.0,0.0,0.0,3.0,3.0,0.0,3.0,5.0,0.0,0.0,3.0,1.0,1.0,1.0,10.0,2.0,1.0,6.0,4.0,2.0,3.0,1.0,,,,,,,,,,,,,,,,,,,,,0.0,2.0,3.0,1.0,4.0,5.0,4.0,2.0,2.0,2.0,4.0,1.0,10.0,5.0,0.0,3.0,3.0,8.0,5.0,4.0,0.0,2.0,0.0,2.0,4.0,3.0,1.0,0.0,1.0,0.0,0.0,0.0,6.0,1.0,0.0,2.0,2.0,1.0,0.0,1.0,0.0,3.0,3.0,0.0,4.0,5.0,1.0,0.0,3.0,1.0,1.0,1.0,10.0,3.0,1.0,7.0,4.0,2.0,3.0,2.0,0.0,0.0,0.0,0.0,0.0,0.0,2.0,0.0,0.0,0.0,0.0,0.0,0.0,0.0,0.0,0.0,0.0,2.0,0.0,0.0,,,,,,,,,,,,,,,,,,,,
415,5TO1,0.0,0.0,1.0,1.0,0.0,0.0,1.0,1.0,2.0,0.0,0.0,1.0,0.0,2.0,4.0,0.0,0.0,2.0,0.0,1.0,0.0,0.0,0.0,0.0,0.0,0.0,1.0,0.0,1.0,0.0,0.0,1.0,0.0,1.0,1.0,0.0,1.0,2.0,3.0,0.0,0.0,0.0,0.0,2.0,0.0,0.0,2.0,1.0,0.0,1.0,1.0,1.0,1.0,1.0,1.0,0.0,0.0,2.0,1.0,1.0,0.0,0.0,0.0,0.0,1.0,0.0,0.0,0.0,1.0,0.0,0.0,0.0,0.0,0.0,0.0,0.0,0.0,0.0,0.0,0.0,0.0,0.0,3.0,1.0,0.0,0.0,2.0,1.0,1.0,0.0,0.0,1.0,1.0,2.0,2.0,0.0,1.0,2.0,1.0,1.0,0.0,0.0,0.0,0.0,0.0,0.0,1.0,0.0,3.0,0.0,0.0,0.0,0.0,2.0,4.0,0.0,0.0,2.0,1.0,1.0,0.0,0.0,0.0,2.0,0.0,0.0,2.0,1.0,0.0,1.0,1.0,1.0,1.0,1.0,1.0,0.0,0.0,2.0,1.0,1.0,0.0,0.0,0.0,0.0,1.0,0.0,1.0,0.0,1.0,0.0,0.0,1.0,0.0,0.0,1.0,0.0,1.0,2.0,2.0,0.0,0.0,,,,,,,,,,,,,,,,,,,,
480,1GYX,5.267708949757059,0.0,1.0,2.0,0.0,1.0,3.0,4.0,1.0,1.0,1.0,0.0,1.0,2.0,1.0,0.0,1.0,1.0,1.0,0.0,1.0,0.0,1.0,1.0,0.0,1.0,0.0,0.0,0.0,0.0,1.0,1.0,0.0,0.0,1.0,0.0,0.0,0.0,0.0,1.0,0.0,0.0,1.0,0.0,1.0,0.0,2.0,0.0,0.0,0.0,0.0,0.0,0.0,1.0,0.0,0.0,1.0,0.0,1.0,0.0,0.0,,,,,,,,,,,,,,,,,,,,,1.0,0.0,0.0,1.0,1.0,2.0,2.0,0.0,0.0,1.0,0.0,0.0,2.0,1.0,2.0,1.0,0.0,1.0,0.0,1.0,0.0,1.0,1.0,0.0,2.0,2.0,2.0,1.0,1.0,0.0,0.0,2.0,1.0,1.0,0.0,0.0,1.0,0.0,0.0,1.0,0.0,2.0,1.0,3.0,0.0,4.0,0.0,0.0,0.0,0.0,0.0,0.0,2.0,0.0,0.0,3.0,0.0,1.0,0.0,0.0,0.0,0.0,1.0,0.0,0.0,2.0,0.0,0.0,0.0,1.0,1.0,0.0,0.0,0.0,0.0,0.0,0.0,0.0,1.0,0.0,0.0,1.0,0.0,0.0,1.0,0.0,0.0,0.0,0.0,0.0,0.0,0.0,0.0,0.0,0.0,0.0,0.0,0.0,0.0,0.0
483,4QKD,5.643047453773312,1.0,0.0,1.0,0.0,1.0,2.0,0.0,1.0,2.0,0.0,1.0,1.0,0.0,3.0,0.0,1.0,0.0,2.0,1.0,0.0,0.0,2.0,0.0,0.0,0.0,0.0,0.0,0.0,0.0,0.0,0.0,1.0,0.0,1.0,1.0,1.0,0.0,1.0,1.0,0.0,1.0,0.0,1.0,0.0,0.0,3.0,0.0,1.0,1.0,0.0,1.0,0.0,2.0,3.0,0.0,2.0,1.0,0.0,1.0,1.0,,,,,,,,,,,,,,,,,,,,,0.0,1.0,1.0,0.0,0.0,4.0,2.0,1.0,0.0,0.0,3.0,2.0,0.0,2.0,1.0,2.0,0.0,2.0,3.0,0.0,2.0,3.0,3.0,0.0,3.0,2.0,0.0,0.0,2.0,0.0,1.0,2.0,3.0,3.0,0.0,1.0,3.0,1.0,1.0,0.0,0.0,1.0,1.0,0.0,0.0,0.0,0.0,1.0,1.0,0.0,0.0,0.0,2.0,4.0,0.0,1.0,1.0,0.0,1.0,1.0,0.0,0.0,0.0,0.0,0.0,1.0,0.0,1.0,0.0,0.0,0.0,1.0,0.0,0.0,0.0,1.0,1.0,2.0,0.0,0.0,,,,,,,,,,,,,,,,,,,,
492,4YWY,0.0,0.0,0.0,1.0,1.0,0.0,0.0,1.0,0.0,0.0,0.0,1.0,0.0,0.0,1.0,0.0,0.0,1.0,1.0,0.0,0.0,0.0,0.0,1.0,0.0,0.0,0.0,0.0,0.0,0.0,0.0,0.0,0.0,0.0,0.0,0.0,0.0,0.0,0.0,0.0,0.0,0.0,5.0,2.0,1.0,2.0,4.0,3.0,1.0,3.0,1.0,3.0,2.0,5.0,1.0,0.0,1.0,2.0,2.0,2.0,1.0,,,,,,,,,,,,,,,,,,,,,0.0,3.0,6.0,3.0,1.0,2.0,4.0,3.0,3.0,1.0,5.0,5.0,6.0,3.0,1.0,4.0,3.0,2.0,2.0,1.0,0.0,0.0,1.0,1.0,0.0,0.0,1.0,0.0,0.0,0.0,0.0,0.0,0.0,2.0,0.0,0.0,0.0,1.0,0.0,0.0,0.0,5.0,3.0,1.0,3.0,4.0,4.0,1.0,4.0,2.0,3.0,4.0,5.0,1.0,2.0,3.0,2.0,4.0,2.0,1.0,,,,,,,,,,,,,,,,,,,,,,,,,,,,,,,,,,,,,,,,
496,5E68,0.0,1.0,0.0,0.0,0.0,0.0,0.0,1.0,1.0,2.0,0.0,1.0,0.0,1.0,2.0,0.0,0.0,1.0,1.0,1.0,3.0,0.0,0.0,0.0,0.0,0.0,0.0,0.0,0.0,0.0,0.0,1.0,0.0,0.0,0.0,0.0,0.0,0.0,0.0,0.0,0.0,1.0,0.0,1.0,1.0,0.0,0.0,0.0,2.0,1.0,0.0,1.0,2.0,2.0,0.0,0.0,1.0,0.0,2.0,1.0,1.0,0.0,0.0,0.0,0.0,0.0,0.0,0.0,0.0,0.0,0.0,0.0,0.0,1.0,0.0,0.0,0.0,0.0,0.0,0.0,0.0,1.0,1.0,1.0,0.0,1.0,2.0,1.0,0.0,1.0,0.0,1.0,1.0,1.0,0.0,0.0,0.0,0.0,2.0,0.0,1.0,0.0,0.0,0.0,0.0,0.0,0.0,1.0,1.0,1.0,0.0,1.0,0.0,0.0,1.0,0.0,0.0,1.0,1.0,1.0,2.0,1.0,0.0,1.0,1.0,0.0,1.0,0.0,2.0,1.0,0.0,1.0,2.0,2.0,0.0,0.0,1.0,0.0,1.0,1.0,1.0,0.0,0.0,0.0,0.0,0.0,0.0,0.0,0.0,0.0,0.0,1.0,0.0,1.0,1.0,0.0,0.0,0.0,0.0,0.0,0.0,,,,,,,,,,,,,,,,,,,,
516,6B79,0.0,0.0,0.0,0.0,0.0,0.0,1.0,0.0,0.0,0.0,0.0,0.0,0.0,0.0,0.0,1.0,0.0,1.0,0.0,0.0,0.0,0.0,0.0,0.0,0.0,1.0,0.0,0.0,0.0,0.0,0.0,0.0,0.0,0.0,0.0,0.0,0.0,0.0,0.0,0.0,0.0,,,,,,,,,,,,,,,,,,,,,0.0,0.0,0.0,0.0,2.0,0.0,0.0,0.0,0.0,0.0,0.0,0.0,1.0,1.0,0.0,0.0,0.0,0.0,0.0,0.0,0.0,0.0,1.0,0.0,0.0,1.0,0.0,0.0,0.0,0.0,0.0,0.0,0.0,0.0,0.0,0.0,0.0,0.0,0.0,0.0,0.0,0.0,0.0,0.0,0.0,0.0,0.0,0.0,0.0,0.0,1.0,0.0,0.0,0.0,1.0,0.0,0.0,0.0,0.0,0.0,,,,,,,,,,,,,,,,,,,,,0.0,0.0,0.0,0.0,1.0,0.0,0.0,0.0,0.0,0.0,0.0,0.0,0.0,0.0,0.0,0.0,1.0,0.0,0.0,0.0,0.0,0.0,0.0,0.0,2.0,0.0,0.0,0.0,0.0,0.0,0.0,0.0,1.0,1.0,0.0,0.0,0.0,0.0,0.0,0.0
520,3B4N,0.0,2.0,4.0,5.0,0.0,5.0,3.0,3.0,2.0,1.0,1.0,8.0,1.0,2.0,0.0,0.0,2.0,0.0,5.0,2.0,0.0,0.0,0.0,2.0,0.0,0.0,3.0,0.0,1.0,0.0,0.0,1.0,0.0,1.0,1.0,1.0,0.0,0.0,1.0,0.0,0.0,0.0,1.0,1.0,1.0,2.0,0.0,0.0,2.0,0.0,5.0,3.0,2.0,1.0,1.0,0.0,1.0,0.0,0.0,1.0,1.0,,,,,,,,,,,,,,,,,,,,,5.0,5.0,7.0,2.0,6.0,2.0,2.0,2.0,2.0,2.0,8.0,0.0,3.0,2.0,1.0,5.0,5.0,7.0,1.0,0.0,2.0,5.0,3.0,0.0,5.0,4.0,3.0,2.0,0.0,1.0,6.0,1.0,2.0,0.0,0.0,1.0,0.0,1.0,1.0,0.0,0.0,1.0,1.0,1.0,2.0,0.0,0.0,2.0,0.0,6.0,3.0,2.0,1.0,1.0,0.0,1.0,0.0,0.0,1.0,1.0,0.0,0.0,1.0,0.0,0.0,2.0,0.0,0.0,0.0,0.0,1.0,0.0,1.0,1.0,1.0,0.0,0.0,1.0,0.0,0.0,,,,,,,,,,,,,,,,,,,,
543,8TBI,0.0,1.0,3.0,1.0,3.0,1.0,1.0,2.0,2.0,2.0,1.0,7.0,1.0,3.0,0.0,0.0,4.0,4.0,3.0,2.0,0.0,0.0,3.0,1.0,1.0,1.0,2.0,0.0,3.0,0.0,1.0,1.0,2.0,1.0,3.0,0.0,2.0,2.0,2.0,3.0,0.0,0.0,1.0,0.0,0.0,0.0,0.0,1.0,2.0,0.0,1.0,0.0,0.0,1.0,1.0,0.0,0.0,1.0,0.0,0.0,0.0,0.0,0.0,0.0,0.0,1.0,0.0,0.0,0.0,0.0,0.0,0.0,1.0,0.0,0.0,0.0,0.0,0.0,0.0,0.0,0.0,1.0,1.0,2.0,1.0,3.0,3.0,1.0,2.0,1.0,2.0,2.0,0.0,0.0,1.0,0.0,3.0,2.0,2.0,0.0,0.0,1.0,2.0,1.0,3.0,1.0,1.0,1.0,3.0,2.0,2.0,7.0,1.0,3.0,1.0,0.0,3.0,4.0,3.0,2.0,0.0,0.0,1.0,0.0,0.0,0.0,0.0,1.0,2.0,0.0,1.0,0.0,0.0,1.0,1.0,0.0,0.0,1.0,0.0,0.0,0.0,0.0,3.0,1.0,1.0,2.0,2.0,0.0,2.0,0.0,0.0,1.0,3.0,1.0,2.0,0.0,2.0,2.0,1.0,3.0,0.0,,,,,,,,,,,,,,,,,,,,
548,6ES9,0.0,0.0,5.0,1.0,4.0,2.0,5.0,1.0,2.0,1.0,1.0,7.0,1.0,7.0,5.0,1.0,11.0,2.0,4.0,1.0,5.0,0.0,0.0,1.0,1.0,2.0,0.0,3.0,0.0,2.0,0.0,1.0,0.0,1.0,1.0,0.0,1.0,0.0,1.0,0.0,0.0,0.0,0.0,1.0,2.0,1.0,0.0,3.0,1.0,0.0,0.0,1.0,0.0,3.0,1.0,0.0,6.0,1.0,3.0,0.0,0.0,0.0,0.0,0.0,0.0,0.0,0.0,0.0,0.0,0.0,0.0,0.0,0.0,0.0,0.0,0.0,0.0,0.0,1.0,0.0,0.0,0.0,1.0,1.0,3.0,0.0,4.0,0.0,1.0,2.0,0.0,1.0,1.0,12.0,3.0,0.0,12.0,2.0,6.0,0.0,2.0,0.0,1.0,3.0,3.0,2.0,3.0,3.0,2.0,0.0,2.0,4.0,2.0,11.0,3.0,1.0,11.0,2.0,6.0,2.0,5.0,0.0,2.0,1.0,3.0,3.0,0.0,3.0,0.0,1.0,1.0,3.0,1.0,0.0,3.0,0.0,2.0,1.0,0.0,1.0,0.0,0.0,2.0,1.0,2.0,0.0,2.0,2.0,0.0,1.0,0.0,3.0,0.0,1.0,2.0,1.0,2.0,0.0,1.0,0.0,0.0,,,,,,,,,,,,,,,,,,,,
559,3T88,0.0,,,,,,,,,,,,,,,,,,,,,,,,,,,,,,,,,,,,,,,,,2.0,5.0,2.0,1.0,3.0,3.0,2.0,4.0,1.0,4.0,7.0,2.0,6.0,2.0,2.0,7.0,3.0,3.0,3.0,3.0,,,,,,,,,,,,,,,,,,,,,1.0,2.0,0.0,4.0,4.0,2.0,0.0,1.0,1.0,1.0,3.0,0.0,4.0,4.0,1.0,6.0,3.0,1.0,1.0,3.0,,,,,,,,,,,,,,,,,,,,,2.0,6.0,2.0,2.0,3.0,3.0,2.0,3.0,1.0,3.0,7.0,2.0,6.0,2.0,2.0,7.0,3.0,3.0,3.0,2.0,,,,,,,,,,,,,,,,,,,,,,,,,,,,,,,,,,,,,,,,
575,3GS2,0.0,0.0,0.0,0.0,0.0,1.0,1.0,0.0,0.0,1.0,0.0,0.0,0.0,2.0,2.0,1.0,2.0,1.0,2.0,1.0,1.0,0.0,0.0,2.0,0.0,2.0,2.0,0.0,1.0,0.0,0.0,1.0,0.0,2.0,1.0,0.0,0.0,1.0,3.0,3.0,0.0,,,,,,,,,,,,,,,,,,,,,0.0,0.0,2.0,0.0,0.0,1.0,0.0,2.0,2.0,1.0,0.0,0.0,2.0,0.0,0.0,1.0,1.0,0.0,0.0,0.0,0.0,0.0,0.0,0.0,1.0,0.0,1.0,0.0,2.0,1.0,1.0,0.0,0.0,2.0,0.0,2.0,1.0,1.0,0.0,0.0,0.0,0.0,0.0,0.0,2.0,1.0,0.0,0.0,1.0,0.0,0.0,0.0,2.0,1.0,1.0,2.0,1.0,3.0,2.0,1.0,,,,,,,,,,,,,,,,,,,,,0.0,0.0,2.0,0.0,1.0,3.0,0.0,1.0,0.0,0.0,1.0,0.0,2.0,1.0,0.0,0.0,1.0,2.0,2.0,0.0,0.0,0.0,2.0,0.0,0.0,0.0,0.0,2.0,2.0,1.0,0.0,0.0,2.0,0.0,0.0,1.0,1.0,0.0,0.0,0.0
597,4QWB,0.0,0.0,0.0,1.0,0.0,3.0,2.0,0.0,0.0,0.0,1.0,1.0,0.0,4.0,0.0,0.0,3.0,1.0,2.0,1.0,0.0,0.0,2.0,1.0,0.0,1.0,0.0,0.0,0.0,1.0,1.0,0.0,0.0,0.0,1.0,0.0,0.0,0.0,2.0,1.0,0.0,0.0,0.0,0.0,0.0,1.0,2.0,0.0,0.0,0.0,1.0,0.0,0.0,3.0,0.0,0.0,0.0,1.0,0.0,0.0,0.0,,,,,,,,,,,,,,,,,,,,,0.0,1.0,0.0,0.0,2.0,1.0,0.0,1.0,1.0,1.0,2.0,0.0,0.0,0.0,0.0,0.0,3.0,0.0,0.0,1.0,0.0,0.0,1.0,0.0,2.0,2.0,0.0,0.0,0.0,0.0,0.0,0.0,4.0,0.0,0.0,3.0,0.0,3.0,1.0,0.0,0.0,0.0,0.0,0.0,1.0,3.0,0.0,0.0,0.0,1.0,0.0,0.0,3.0,0.0,0.0,0.0,1.0,0.0,0.0,0.0,0.0,2.0,1.0,0.0,1.0,0.0,0.0,0.0,1.0,1.0,0.0,0.0,0.0,1.0,0.0,0.0,0.0,1.0,1.0,0.0,,,,,,,,,,,,,,,,,,,,
621,6OX0,0.0,0.0,5.0,2.0,3.0,7.0,2.0,1.0,0.0,6.0,4.0,3.0,0.0,4.0,5.0,1.0,2.0,3.0,9.0,2.0,2.0,0.0,1.0,2.0,0.0,1.0,1.0,0.0,1.0,0.0,1.0,2.0,1.0,3.0,2.0,1.0,4.0,2.0,2.0,0.0,0.0,0.0,1.0,3.0,2.0,1.0,2.0,2.0,3.0,1.0,1.0,0.0,0.0,6.0,1.0,0.0,2.0,2.0,0.0,4.0,1.0,,,,,,,,,,,,,,,,,,,,,1.0,7.0,7.0,6.0,4.0,6.0,3.0,5.0,12.0,5.0,5.0,3.0,10.0,7.0,3.0,1.0,7.0,8.0,11.0,4.0,0.0,3.0,3.0,1.0,7.0,1.0,1.0,1.0,2.0,2.0,4.0,1.0,3.0,3.0,1.0,5.0,4.0,7.0,0.0,1.0,0.0,1.0,3.0,2.0,1.0,2.0,2.0,4.0,1.0,1.0,1.0,0.0,7.0,2.0,0.0,2.0,1.0,0.0,2.0,0.0,0.0,1.0,0.0,0.0,0.0,1.0,0.0,0.0,0.0,0.0,0.0,0.0,0.0,1.0,1.0,1.0,0.0,0.0,0.0,0.0,,,,,,,,,,,,,,,,,,,,
705,4NNR,3.473183700903134,0.0,2.0,2.0,1.0,3.0,2.0,1.0,0.0,1.0,0.0,4.0,0.0,3.0,0.0,1.0,1.0,2.0,1.0,1.0,0.0,0.0,0.0,0.0,1.0,0.0,0.0,2.0,1.0,0.0,0.0,4.0,0.0,0.0,1.0,0.0,1.0,1.0,1.0,0.0,0.0,0.0,0.0,0.0,0.0,1.0,0.0,1.0,2.0,1.0,0.0,0.0,0.0,3.0,1.0,0.0,0.0,2.0,3.0,0.0,1.0,,,,,,,,,,,,,,,,,,,,,0.0,1.0,2.0,3.0,1.0,1.0,2.0,1.0,2.0,0.0,2.0,2.0,5.0,0.0,0.0,0.0,1.0,0.0,1.0,1.0,0.0,2.0,2.0,0.0,3.0,1.0,1.0,0.0,1.0,0.0,5.0,0.0,2.0,0.0,1.0,1.0,2.0,1.0,1.0,0.0,0.0,0.0,1.0,0.0,1.0,0.0,1.0,2.0,1.0,1.0,0.0,0.0,4.0,1.0,0.0,0.0,2.0,4.0,0.0,1.0,0.0,0.0,0.0,1.0,0.0,1.0,2.0,1.0,0.0,0.0,3.0,0.0,0.0,1.0,0.0,1.0,1.0,1.0,0.0,0.0,,,,,,,,,,,,,,,,,,,,
709,6L0O,0.0,0.0,0.0,0.0,1.0,2.0,1.0,0.0,0.0,0.0,0.0,0.0,0.0,1.0,1.0,0.0,0.0,0.0,0.0,0.0,0.0,0.0,0.0,0.0,2.0,2.0,0.0,1.0,0.0,2.0,0.0,1.0,1.0,0.0,0.0,0.0,0.0,1.0,0.0,1.0,0.0,0.0,2.0,1.0,0.0,0.0,1.0,0.0,0.0,1.0,2.0,1.0,0.0,1.0,0.0,0.0,1.0,1.0,0.0,0.0,0.0,,,,,,,,,,,,,,,,,,,,,0.0,0.0,0.0,0.0,0.0,0.0,0.0,0.0,0.0,0.0,0.0,0.0,3.0,0.0,0.0,1.0,0.0,1.0,0.0,0.0,0.0,0.0,0.0,1.0,3.0,1.0,0.0,0.0,0.0,0.0,0.0,0.0,1.0,1.0,0.0,0.0,0.0,0.0,0.0,0.0,0.0,2.0,1.0,0.0,0.0,1.0,0.0,0.0,3.0,2.0,1.0,0.0,1.0,0.0,0.0,1.0,1.0,0.0,0.0,0.0,0.0,0.0,0.0,2.0,1.0,0.0,1.0,0.0,2.0,0.0,1.0,1.0,0.0,0.0,0.0,0.0,1.0,0.0,1.0,0.0,,,,,,,,,,,,,,,,,,,,
713,8SOU,0.0,0.0,0.0,0.0,0.0,0.0,0.0,0.0,0.0,0.0,0.0,0.0,0.0,0.0,0.0,0.0,2.0,0.0,0.0,0.0,0.0,0.0,1.0,0.0,1.0,2.0,1.0,0.0,0.0,0.0,1.0,0.0,0.0,0.0,0.0,0.0,1.0,0.0,1.0,0.0,0.0,0.0,0.0,0.0,0.0,0.0,0.0,0.0,1.0,0.0,1.0,1.0,0.0,0.0,0.0,0.0,0.0,0.0,0.0,0.0,0.0,0.0,0.0,1.0,1.0,0.0,0.0,0.0,0.0,0.0,0.0,1.0,0.0,0.0,0.0,0.0,1.0,0.0,0.0,0.0,0.0,,,,,,,,,,,,,,,,,,,,,0.0,0.0,0.0,1.0,0.0,1.0,0.0,0.0,0.0,0.0,0.0,0.0,0.0,0.0,0.0,1.0,0.0,0.0,0.0,0.0,0.0,0.0,0.0,0.0,0.0,0.0,0.0,1.0,0.0,1.0,1.0,0.0,0.0,0.0,0.0,0.0,0.0,0.0,0.0,0.0,0.0,1.0,0.0,1.0,2.0,0.0,0.0,0.0,0.0,1.0,0.0,0.0,0.0,0.0,0.0,2.0,0.0,1.0,0.0,0.0,0.0,0.0,1.0,1.0,0.0,0.0,0.0,0.0,0.0,0.0,1.0,0.0,0.0,0.0,0.0,1.0,0.0,0.0,0.0,0.0
2,3W37,0.0,0.0,0.0,0.0,0.0,0.0,0.0,1.0,1.0,2.0,1.0,3.0,0.0,0.0,1.0,0.0,0.0,1.0,0.0,0.0,0.0,0.0,3.0,0.0,0.0,1.0,2.0,2.0,1.0,3.0,0.0,1.0,1.0,1.0,1.0,1.0,1.0,1.0,0.0,0.0,0.0,,,,,,,,,,,,,,,,,,,,,0.0,1.0,0.0,0.0,0.0,1.0,1.0,0.0,2.0,0.0,0.0,0.0,1.0,0.0,0.0,0.0,0.0,1.0,1.0,1.0,0.0,0.0,0.0,1.0,1.0,1.0,1.0,1.0,0.0,1.0,0.0,0.0,0.0,1.0,0.0,0.0,0.0,0.0,1.0,0.0,0.0,0.0,0.0,0.0,0.0,1.0,2.0,1.0,3.0,1.0,3.0,1.0,0.0,0.0,1.0,1.0,2.0,0.0,0.0,0.0,,,,,,,,,,,,,,,,,,,,,0.0,4.0,0.0,0.0,1.0,1.0,1.0,1.0,2.0,0.0,1.0,0.0,1.0,1.0,0.0,0.0,0.0,0.0,0.0,0.0,0.0,0.0,0.0,0.0,0.0,1.0,0.0,0.0,2.0,0.0,0.0,0.0,1.0,0.0,0.0,0.0,0.0,1.0,1.0,1.0
41,4B1M,3.7774595232213537,0.0,2.0,1.0,0.0,4.0,0.0,0.0,1.0,4.0,1.0,1.0,0.0,0.0,1.0,1.0,2.0,3.0,2.0,1.0,0.0,0.0,4.0,2.0,0.0,1.0,2.0,0.0,1.0,0.0,1.0,3.0,0.0,1.0,0.0,0.0,5.0,1.0,0.0,0.0,0.0,0.0,0.0,0.0,0.0,0.0,1.0,0.0,0.0,2.0,0.0,1.0,0.0,3.0,0.0,0.0,0.0,0.0,0.0,0.0,1.0,0.0,0.0,0.0,0.0,1.0,0.0,0.0,0.0,0.0,1.0,2.0,1.0,0.0,1.0,0.0,0.0,0.0,0.0,0.0,0.0,0.0,2.0,0.0,0.0,2.0,2.0,0.0,0.0,2.0,4.0,1.0,0.0,2.0,1.0,0.0,4.0,2.0,0.0,2.0,0.0,0.0,1.0,2.0,0.0,2.0,2.0,0.0,2.0,3.0,2.0,3.0,0.0,1.0,0.0,0.0,2.0,2.0,2.0,0.0,0.0,0.0,0.0,0.0,0.0,0.0,3.0,0.0,1.0,2.0,0.0,2.0,0.0,2.0,0.0,1.0,0.0,0.0,0.0,0.0,1.0,0.0,4.0,1.0,0.0,2.0,0.0,0.0,0.0,0.0,0.0,3.0,1.0,0.0,1.0,1.0,4.0,1.0,0.0,0.0,0.0,,,,,,,,,,,,,,,,,,,,
65,1W1X,,,,,,,,,,,,,,,,,,,,,,,,,,,,,,,,,,,,,,,,,,0.0,1.0,5.0,1.0,0.0,3.0,1.0,5.0,1.0,3.0,6.0,2.0,3.0,7.0,2.0,3.0,1.0,1.0,0.0,1.0,0.0,11.0,5.0,0.0,5.0,14.0,0.0,0.0,1.0,11.0,5.0,10.0,0.0,13.0,21.0,8.0,0.0,14.0,8.0,0.0,0.0,0.0,0.0,0.0,0.0,0.0,1.0,0.0,0.0,0.0,0.0,0.0,1.0,1.0,0.0,0.0,1.0,0.0,0.0,0.0,,,,,,,,,,,,,,,,,,,,,0.0,1.0,5.0,1.0,0.0,3.0,1.0,5.0,1.0,3.0,6.0,2.0,3.0,6.0,2.0,3.0,1.0,1.0,0.0,1.0,0.0,0.0,0.0,0.0,0.0,0.0,0.0,0.0,0.0,0.0,0.0,0.0,0.0,0.0,2.0,0.0,0.0,0.0,0.0,0.0,0.0,11.0,5.0,0.0,5.0,14.0,0.0,0.0,1.0,11.0,5.0,10.0,0.0,13.0,19.0,8.0,0.0,14.0,8.0,0.0
67,1JYN,3.690558757886198,0.0,5.0,4.0,0.0,1.0,4.0,2.0,1.0,1.0,1.0,2.0,0.0,2.0,2.0,3.0,4.0,3.0,1.0,2.0,0.0,0.0,1.0,0.0,1.0,0.0,0.0,2.0,0.0,0.0,1.0,0.0,0.0,0.0,0.0,1.0,1.0,0.0,2.0,0.0,0.0,1.0,4.0,2.0,2.0,0.0,2.0,1.0,4.0,0.0,2.0,4.0,4.0,2.0,4.0,1.0,1.0,1.0,4.0,4.0,2.0,0.0,0.0,10.0,0.0,0.0,0.0,5.0,0.0,0.0,0.0,0.0,0.0,0.0,0.0,0.0,0.0,0.0,0.0,0.0,0.0,,,,,,,,,,,,,,,,,,,,,,,,,,,,,,,,,,,,,,,,,0.0,0.0,10.0,0.0,0.0,0.0,5.0,0.0,0.0,0.0,0.0,0.0,0.0,0.0,0.0,0.0,0.0,0.0,0.0,0.0,2.0,6.0,3.0,4.0,0.0,6.0,3.0,9.0,1.0,6.0,7.0,5.0,4.0,6.0,2.0,3.0,4.0,6.0,5.0,4.0,2.0,8.0,5.0,2.0,1.0,4.0,4.0,0.0,3.0,3.0,8.0,1.0,2.0,2.0,5.0,6.0,4.0,4.0,3.0,2.0
91,5XF1,0.0,0.0,0.0,0.0,0.0,0.0,0.0,0.0,0.0,1.0,0.0,0.0,0.0,2.0,0.0,1.0,0.0,0.0,0.0,1.0,0.0,1.0,1.0,1.0,1.0,2.0,0.0,0.0,0.0,1.0,1.0,1.0,2.0,4.0,0.0,1.0,0.0,0.0,1.0,1.0,0.0,2.0,0.0,0.0,0.0,0.0,1.0,0.0,0.0,0.0,1.0,0.0,0.0,0.0,1.0,0.0,0.0,1.0,0.0,0.0,0.0,,,,,,,,,,,,,,,,,,,,,1.0,2.0,2.0,1.0,1.0,1.0,2.0,1.0,0.0,0.0,0.0,1.0,1.0,1.0,1.0,0.0,0.0,0.0,2.0,0.0,0.0,0.0,0.0,0.0,0.0,0.0,0.0,0.0,1.0,0.0,0.0,0.0,1.0,0.0,1.0,0.0,0.0,0.0,1.0,0.0,2.0,0.0,0.0,0.0,0.0,1.0,0.0,0.0,0.0,1.0,0.0,0.0,0.0,1.0,0.0,0.0,1.0,0.0,0.0,0.0,1.0,1.0,1.0,1.0,2.0,0.0,0.0,0.0,1.0,1.0,1.0,2.0,4.0,0.0,1.0,0.0,0.0,1.0,1.0,0.0,,,,,,,,,,,,,,,,,,,,
92,5D5A,,,,,,,,,,,,,,,,,,,,,,,,,,,,,,,,,,,,,,,,,,1.0,0.0,2.0,3.0,5.0,1.0,0.0,1.0,4.0,0.0,0.0,1.0,4.0,3.0,0.0,3.0,1.0,2.0,2.0,0.0,0.0,9.0,0.0,0.0,9.0,18.0,0.0,5.0,15.0,12.0,0.0,0.0,14.0,11.0,12.0,5.0,0.0,18.0,9.0,6.0,0.0,0.0,1.0,2.0,2.0,1.0,1.0,1.0,3.0,0.0,0.0,0.0,2.0,2.0,0.0,2.0,1.0,1.0,1.0,0.0,,,,,,,,,,,,,,,,,,,,,1.0,0.0,1.0,1.0,3.0,0.0,0.0,0.0,1.0,0.0,0.0,1.0,2.0,1.0,0.0,1.0,0.0,1.0,1.0,0.0,0.0,8.0,0.0,0.0,9.0,0.0,0.0,5.0,3.0,4.0,0.0,0.0,9.0,1.0,0.0,4.0,0.0,9.0,0.0,0.0,0.0,1.0,0.0,0.0,0.0,18.0,0.0,0.0,12.0,8.0,0.0,0.0,5.0,10.0,12.0,1.0,0.0,9.0,9.0,6.0
135,4YZ5,0.0,0.0,4.0,5.0,0.0,1.0,3.0,0.0,2.0,0.0,2.0,2.0,0.0,3.0,1.0,0.0,1.0,1.0,2.0,4.0,0.0,0.0,1.0,2.0,0.0,1.0,4.0,2.0,0.0,0.0,0.0,2.0,0.0,2.0,0.0,1.0,2.0,2.0,2.0,1.0,0.0,,,,,,,,,,,,,,,,,,,,,0.0,1.0,1.0,1.0,2.0,2.0,0.0,3.0,2.0,0.0,0.0,0.0,0.0,0.0,1.0,0.0,1.0,0.0,0.0,0.0,0.0,1.0,3.0,1.0,4.0,1.0,0.0,0.0,0.0,2.0,1.0,1.0,3.0,0.0,0.0,0.0,2.0,0.0,1.0,0.0,0.0,3.0,4.0,0.0,1.0,3.0,2.0,2.0,0.0,2.0,2.0,0.0,2.0,0.0,0.0,1.0,1.0,2.0,3.0,0.0,0.0,0.0,0.0,0.0,0.0,0.0,0.0,0.0,0.0,2.0,0.0,0.0,0.0,0.0,0.0,0.0,0.0,0.0,0.0,0.0,0.0,1.0,2.0,1.0,1.0,5.0,0.0,0.0,1.0,0.0,1.0,0.0,1.0,1.0,1.0,2.0,3.0,2.0,1.0,0.0,0.0,1.0,1.0,0.0,2.0,0.0,0.0,3.0,1.0,0.0,1.0,0.0,0.0,0.0,1.0,0.0,0.0,0.0,0.0,0.0
248,3NJ3,2.509379481215144,0.0,2.0,2.0,1.0,1.0,2.0,0.0,1.0,1.0,3.0,1.0,0.0,1.0,3.0,2.0,2.0,2.0,2.0,4.0,1.0,0.0,2.0,2.0,1.0,1.0,0.0,2.0,1.0,1.0,1.0,1.0,1.0,1.0,0.0,2.0,0.0,2.0,1.0,1.0,0.0,0.0,1.0,0.0,1.0,0.0,3.0,0.0,2.0,3.0,0.0,2.0,1.0,1.0,0.0,1.0,0.0,0.0,1.0,2.0,0.0,0.0,0.0,0.0,0.0,1.0,1.0,1.0,1.0,1.0,0.0,3.0,0.0,0.0,0.0,0.0,0.0,0.0,0.0,0.0,0.0,0.0,3.0,2.0,0.0,1.0,4.0,1.0,1.0,2.0,1.0,4.0,2.0,1.0,1.0,2.0,1.0,5.0,2.0,6.0,0.0,0.0,3.0,2.0,2.0,2.0,3.0,2.0,3.0,3.0,3.0,1.0,1.0,3.0,1.0,2.0,3.0,2.0,0.0,1.0,1.0,0.0,0.0,2.0,0.0,1.0,2.0,1.0,2.0,0.0,1.0,3.0,0.0,1.0,1.0,0.0,0.0,0.0,1.0,0.0,0.0,0.0,1.0,0.0,2.0,0.0,0.0,0.0,1.0,2.0,2.0,1.0,2.0,0.0,0.0,2.0,0.0,1.0,3.0,1.0,2.0,,,,,,,,,,,,,,,,,,,,
