,name,buried_CYS3,buried_ASP3,buried_SER3,buried_GLN3,buried_LYS3,buried_ILE3,buried_PRO3,buried_THR3,buried_PHE3,buried_ASN3,buried_GLY3,buried_HIS3,buried_LEU3,buried_ARG3,buried_TRP3,buried_ALA3,buried_VAL3,buried_GLU3,buried_TYR3,buried_MET3,buried_CYS1,buried_ASP1,buried_SER1,buried_GLN1,buried_LYS1,buried_ILE1,buried_PRO1,buried_THR1,buried_PHE1,buried_ASN1,buried_GLY1,buried_HIS1,buried_LEU1,buried_ARG1,buried_TRP1,buried_ALA1,buried_VAL1,buried_GLU1,buried_TYR1,buried_MET1,buried_CYS2,buried_ASP2,buried_SER2,buried_GLN2,buried_LYS2,buried_ILE2,buried_PRO2,buried_THR2,buried_PHE2,buried_ASN2,buried_GLY2,buried_HIS2,buried_LEU2,buried_ARG2,buried_TRP2,buried_ALA2,buried_VAL2,buried_GLU2,buried_TYR2,buried_MET2
26,structures\1KQF,,,,,,,,,,,,,,,,,,,,,4.0,1.0,2.0,1.0,2.0,6.0,6.0,5.0,6.0,1.0,4.0,0.0,5.0,3.0,0.0,9.0,10.0,4.0,2.0,2.0,,,,,,,,,,,,,,,,,,,,
270,structures\4DOI,2.0,0.0,3.0,3.0,3.0,7.0,1.0,3.0,6.0,4.0,3.0,0.0,6.0,1.0,0.0,4.0,6.0,5.0,1.0,0.0,,,,,,,,,,,,,,,,,,,,,0.0,0.0,0.0,0.0,0.0,0.0,0.0,0.0,1.0,0.0,1.0,0.0,1.0,1.0,0.0,0.0,1.0,0.0,0.0,0.0
320,structures\4MIX,0.0,0.0,0.0,0.0,1.0,1.0,0.0,1.0,0.0,0.0,2.0,0.0,0.0,0.0,0.0,0.0,1.0,0.0,0.0,0.0,0.0,0.0,0.0,0.0,0.0,0.0,0.0,0.0,0.0,0.0,0.0,0.0,0.0,0.0,0.0,1.0,0.0,0.0,2.0,0.0,,,,,,,,,,,,,,,,,,,,
400,structures\5D9Y,,,,,,,,,,,,,,,,,,,,,4.0,2.0,3.0,4.0,1.0,1.0,3.0,2.0,3.0,1.0,2.0,5.0,9.0,4.0,0.0,5.0,2.0,0.0,1.0,0.0,0.0,0.0,1.0,0.0,0.0,0.0,0.0,1.0,2.0,1.0,0.0,0.0,1.0,0.0,0.0,0.0,0.0,0.0,0.0,0.0
406,structures\5E68,0.0,0.0,0.0,0.0,0.0,0.0,1.0,0.0,2.0,0.0,2.0,0.0,2.0,0.0,0.0,0.0,0.0,1.0,0.0,1.0,2.0,0.0,0.0,0.0,0.0,2.0,1.0,2.0,0.0,0.0,2.0,1.0,0.0,1.0,0.0,1.0,1.0,2.0,0.0,1.0,,,,,,,,,,,,,,,,,,,,
491,structures\6ASD,0.0,0.0,1.0,1.0,0.0,0.0,0.0,0.0,0.0,1.0,0.0,1.0,0.0,0.0,0.0,0.0,0.0,0.0,0.0,0.0,0.0,0.0,0.0,0.0,2.0,1.0,0.0,1.0,0.0,0.0,0.0,0.0,0.0,1.0,0.0,0.0,0.0,0.0,1.0,0.0,,,,,,,,,,,,,,,,,,,,
650,structures\7N27,0.0,0.0,0.0,0.0,0.0,0.0,0.0,0.0,3.0,0.0,0.0,0.0,0.0,0.0,0.0,3.0,0.0,0.0,0.0,0.0,0.0,1.0,0.0,0.0,1.0,0.0,0.0,1.0,1.0,0.0,2.0,1.0,1.0,2.0,2.0,1.0,2.0,5.0,2.0,0.0,,,,,,,,,,,,,,,,,,,,
719,structures\8PPZ,1.0,2.0,4.0,3.0,5.0,4.0,5.0,4.0,5.0,1.0,8.0,3.0,9.0,3.0,2.0,6.0,11.0,4.0,5.0,3.0,,,,,,,,,,,,,,,,,,,,,0.0,3.0,1.0,0.0,3.0,0.0,0.0,1.0,1.0,2.0,3.0,0.0,1.0,3.0,0.0,0.0,1.0,2.0,0.0,1.0
204,structures\5X7P,,,,,,,,,,,,,,,,,,,,,0.0,8.0,2.0,3.0,2.0,4.0,1.0,6.0,2.0,5.0,4.0,0.0,5.0,7.0,3.0,8.0,4.0,4.0,2.0,0.0,,,,,,,,,,,,,,,,,,,,
